wasp	88
syndrome	30
mutated	26
wiskott-aldrich	26
actin	15
signal	12
domain	10
defect	8
immune	8
phosphorylated	8
polymerizing	8
lymphocyte	7
unique	7
binds	7
pathway	7
synapse	7
lead	7
disrupt	6
podosome	6
wip	6
cellular	6
structure	6
genotype	6
change	5
deletion	5
cdc42	5
chemotaxis	5
ntreg	5
x-linked	5
adhesion	5
n-wasp	5
thrombocytopenia	5
arp2/3	5
downstream	4
ability	4
act	4
transcripts	4
component	4
provide	4
depends	4
dynamic	4
synaptic	4
gtpase	4
growth	4
stability	4
platelet	4
wasp-deficient	4
