datum	5
lg	4
procedure	4
ep	4
ec	4
pr	4
aanwerving	4
voorstel	4
evaluatie	3
einde	3
competentie	3
weten	3
analist	3
programmeur	3
handtekening	3
bevindingen	2
premie	2
argumenteer	2
hand	2
concrete	2
vereist	2
competentiewaardering	2
waardering	2
kennis	2
ict	2
beslissing	2
evaluator	2
documenten	2
verslag	2
fg	2
bevestiging	2
bijkomende	2
formele	2
no	2
dienst	2
proef	2
medewerker	2
go	2
geef	2
opmaak	2
klantgerichtheid	1
leergierigheid	1
productiviteit	1
engagement	1
nauwgezetheid	1
organisatieniveau	1
inzicht	1
afdelingsspecifieke	1
samenwerken	1
argumentatie	1
voorhanden	1
indien	1
afdeling	1
technische	1
excellent	1
compe-tent	1
kerncompetenties	1
functiegebonden	1
giovani	1
