activin	17
receptor	15
signal	10
cancer	9
actriia	9
acvr2	7
adenylyl	6
regulates	6
mutated	6
cyclase	6
mediate	5
actrii	5
domain	4
response	4
colorectal	4
prostate	4
microsatellite	4
regulatory	4
leads	3
fatty	3
bmprii	3
enhanced	3
subunit	3
loss	3
vii	3
transcription	3
pre-eclampsia	3
liver	3
colon	3
iia	3
coordinated	2
structure	2
effector	2
iib	2
form	2
surface	2
ligands	2
general	2
soluble	2
immune	2
lyn	2
bmp	2
extracellular	2
bmp7	2
hormone	2
endogenous	2
locus	2
mrna	2
across	2
tissue	2
least	2
tgfbr2	2
target	2
inhibits	2
plasma	2
acid	2
induction	2
arip2	2
hepatic	2
meta-analysis	2
acyl-coa	2
growth	2
common	2
co-receptor	1
betaglycan	1
event	1
lactation	1
inactivation	1
extent	1
smads	1
infarction	1
actrib	1
actriib	1
compartmentalization	1
inhibin	1
cellular	1
concerted	1
betaa	1
myocardial	1
model	1
fetal	1
facl3	1
chain	1
upregulation	1
vitamin	1
suppressive	1
d3in	1
long	1
feedback	1
carcinogenesis	1
microsattelite-unstable	1
latter	1
subgroup	1
consequence	1
repression	1
migration	1
inhibin/activin	1
rates	1
frameshift	1
dependent	1
upon	1
truncating	1
mismatch	1
vesicles	1
autophagocytotic	1
palate	1
follistatin	1
construction	1
membrane-bound	1
endocytotic	1
reduction	1
high	1
angstroms	1
resolution	1
clinical	1
trial	1
thymocytes	1
gene-environment	1
bmpr-ia	1
entire	1
ternary	1
hepatoma-derived	1
representing	1
competent	1
bound	1
bmp-2	1
rab5	1
endocytic	1
gestational	1
distribution	1
pregnancy	1
labour	1
endocytosis	1
overexpression	1
catalytic	1
conserved	1
cytoplasmic	1
rabankyrin-5	1
residues	1
internal	1
alpha	1
cardinal	1
virus	1
secretion	1
subfamily	1
iib(actriib	1
cooperatively	1
gdf11	1
axial	1
